,0,1,2,3,accuracy,macro avg,weighted avg,name
precision,1.0,0.7333333333333333,0.875,0.8235294117647058,0.84,0.8579656862745098,0.861921568627451,RFC
recall,0.7692307692307693,1.0,0.5833333333333334,1.0,0.84,0.8381410256410257,0.84,RFC
f1-score,0.8695652173913044,0.846153846153846,0.7000000000000001,0.9032258064516129,0.84,0.8297362174991909,0.8331440284820368,RFC
support,13.0,11.0,12.0,14.0,0.84,50.0,50.0,RFC
precision,0.5555555555555556,0.7,0.7333333333333333,0.6875,0.68,0.6690972222222222,0.6669444444444445,MLP
recall,0.38461538461538464,0.6363636363636364,0.9166666666666666,0.7857142857142857,0.68,0.6808399933399933,0.68,MLP
f1-score,0.4545454545454546,0.6666666666666666,0.8148148148148148,0.7333333333333334,0.68,0.6673400673400673,0.6657373737373737,MLP
support,13.0,11.0,12.0,14.0,0.68,50.0,50.0,MLP
