,0,1,2,3,accuracy,macro avg,weighted avg,name
precision,0.6666666666666666,0.5,0.4,0.7222222222222222,0.58,0.5722222222222222,0.5815555555555556,RFC
recall,0.46153846153846156,0.36363636363636365,0.5,0.9285714285714286,0.58,0.5634365634365635,0.58,RFC
f1-score,0.5454545454545455,0.4210526315789474,0.4444444444444445,0.8125000000000001,0.58,0.5558629053694844,0.568616427432217,RFC
support,13.0,11.0,12.0,14.0,0.58,50.0,50.0,RFC
precision,0.75,0.4,0.2222222222222222,0.7222222222222222,0.54,0.5236111111111111,0.5385555555555556,MLP
recall,0.46153846153846156,0.5454545454545454,0.16666666666666666,0.9285714285714286,0.54,0.5255577755577756,0.54,MLP
f1-score,0.5714285714285714,0.4615384615384615,0.1904761904761905,0.8125000000000001,0.54,0.5089858058608059,0.5233241758241758,MLP
support,13.0,11.0,12.0,14.0,0.54,50.0,50.0,MLP
